{
  "failures": [
    {
      "tx_id": 1,
      "failure_day": 41.80806235373923
    },
    {
      "tx_id": 12,
      "failure_day": 39.87180802467206
    },
    {
      "tx_id": 13,
      "failure_day": 53.053984639771244
    }
  ]
}